Workbook

Sheet Unit Economics
A1: Cars24 Supply Unit Economics
A3: Editable Inputs | B3: Value | C3: Notes
A5: Leads | B5: 1000 | C5: Model uses 1,000 leads
A6: Lead-to-call conversion | B6: 0.71717311 | C6: From call logs
A7: Call-to-appointment conversion | B7: 0.59144919 | C7: Booked leads / connected leads
A8: Appointment show-up rate | B8: 0.82485037 | C8: Completed appointments / booked leads
A9: Inspection-to-purchase rate | B9: 0.34846439 | C9: Purchases / completed inspections
A10: Inspector cost per inspection | B10: 450 | C10: Editable assumption
A11: Vendor commission | B11: 0 | C11: No source value provided; editable
A12: Average contribution per car | B12: 22254.693 | C12: Resale less offer, refurb and tow
A13: Cost per lead | B13: 1024.49 | C13: Marketing spend / leads
A16: Outputs | B16: Formula result
A17: Expected inspections | B17: =B5*B6*B7*B8 -> 349.87798
A18: Expected purchases | B18: =B17*B9 -> 121.92002
A19: Gross contribution | B19: =B18*B12*(1-B11) -> 2713292.6
A20: Inspection cost | B20: =B17*B10 -> 157445.09
A21: Lead acquisition cost | B21: =B5*B13 -> 1024490
A22: Contribution per 1,000 leads | B22: =B19-B20-B21 -> 1531357.5
A23: Break-even lead-to-inspection conversion | B23: =B13/(B9*B12*(1-B11)-B10) -> 0.14024565
A27: Sensitivity: Conversion vs Contribution per Car
A28: Conversion / Contribution | B28: 10000 | C28: 15000 | D28: 20000 | E28: 25000 | F28: 30000 | G28: 40000 | H28: 50000
A29: 0.1 | B29: =1000*$A29*$B$9*B$28*(1-$B$11)-1000*$A29*$B$10-1000*$B$13 -> -721025.57 | C29: =1000*$A29*$B$9*C$28*(1-$B$11)-1000*$A29*$B$10-1000*$B$13 -> -546793.37 | D29: =1000*$A29*$B$9*D$28*(1-$B$11)-1000*$A29*$B$10-1000*$B$13 -> -372561.17 | E29: =1000*$A29*$B$9*E$28*(1-$B$11)-1000*$A29*$B$10-1000*$B$13 -> -198328.98 | F29: =1000*$A29*$B$9*F$28*(1-$B$11)-1000*$A29*$B$10-1000*$B$13 -> -24096.78 | G29: =1000*$A29*$B$9*G$28*(1-$B$11)-1000*$A29*$B$10-1000*$B$13 -> 324367.61 | H29: =1000*$A29*$B$9*H$28*(1-$B$11)-1000*$A29*$B$10-1000*$B$13 -> 672832.01
A30: 0.15 | B30: =1000*$A30*$B$9*B$28*(1-$B$11)-1000*$A30*$B$10-1000*$B$13 -> -569293.37 | C30: =1000*$A30*$B$9*C$28*(1-$B$11)-1000*$A30*$B$10-1000*$B$13 -> -307945.08 | D30: =1000*$A30*$B$9*D$28*(1-$B$11)-1000*$A30*$B$10-1000*$B$13 -> -46596.78 | E30: =1000*$A30*$B$9*E$28*(1-$B$11)-1000*$A30*$B$10-1000*$B$13 -> 214751.52 | F30: =1000*$A30*$B$9*F$28*(1-$B$11)-1000*$A30*$B$10-1000*$B$13 -> 476099.81 | G30: =1000*$A30*$B$9*G$28*(1-$B$11)-1000*$A30*$B$10-1000*$B$13 -> 998796.4 | H30: =1000*$A30*$B$9*H$28*(1-$B$11)-1000*$A30*$B$10-1000*$B$13 -> 1521493
A31: 0.2 | B31: =1000*$A31*$B$9*B$28*(1-$B$11)-1000*$A31*$B$10-1000*$B$13 -> -417561.17 | C31: =1000*$A31*$B$9*C$28*(1-$B$11)-1000*$A31*$B$10-1000*$B$13 -> -69096.78 | D31: =1000*$A31*$B$9*D$28*(1-$B$11)-1000*$A31*$B$10-1000*$B$13 -> 279367.61 | E31: =1000*$A31*$B$9*E$28*(1-$B$11)-1000*$A31*$B$10-1000*$B$13 -> 627832.01 | F31: =1000*$A31*$B$9*F$28*(1-$B$11)-1000*$A31*$B$10-1000*$B$13 -> 976296.4 | G31: =1000*$A31*$B$9*G$28*(1-$B$11)-1000*$A31*$B$10-1000*$B$13 -> 1673225.2 | H31: =1000*$A31*$B$9*H$28*(1-$B$11)-1000*$A31*$B$10-1000*$B$13 -> 2370154
A32: 0.25 | B32: =1000*$A32*$B$9*B$28*(1-$B$11)-1000*$A32*$B$10-1000*$B$13 -> -265828.98 | C32: =1000*$A32*$B$9*C$28*(1-$B$11)-1000*$A32*$B$10-1000*$B$13 -> 169751.52 | D32: =1000*$A32*$B$9*D$28*(1-$B$11)-1000*$A32*$B$10-1000*$B$13 -> 605332.01 | E32: =1000*$A32*$B$9*E$28*(1-$B$11)-1000*$A32*$B$10-1000*$B$13 -> 1040912.5 | F32: =1000*$A32*$B$9*F$28*(1-$B$11)-1000*$A32*$B$10-1000*$B$13 -> 1476493 | G32: =1000*$A32*$B$9*G$28*(1-$B$11)-1000*$A32*$B$10-1000*$B$13 -> 2347654 | H32: =1000*$A32*$B$9*H$28*(1-$B$11)-1000*$A32*$B$10-1000*$B$13 -> 3218815
A33: 0.3 | B33: =1000*$A33*$B$9*B$28*(1-$B$11)-1000*$A33*$B$10-1000*$B$13 -> -114096.78 | C33: =1000*$A33*$B$9*C$28*(1-$B$11)-1000*$A33*$B$10-1000*$B$13 -> 408599.81 | D33: =1000*$A33*$B$9*D$28*(1-$B$11)-1000*$A33*$B$10-1000*$B$13 -> 931296.4 | E33: =1000*$A33*$B$9*E$28*(1-$B$11)-1000*$A33*$B$10-1000*$B$13 -> 1453993 | F33: =1000*$A33*$B$9*F$28*(1-$B$11)-1000*$A33*$B$10-1000*$B$13 -> 1976689.6 | G33: =1000*$A33*$B$9*G$28*(1-$B$11)-1000*$A33*$B$10-1000*$B$13 -> 3022082.8 | H33: =1000*$A33*$B$9*H$28*(1-$B$11)-1000*$A33*$B$10-1000*$B$13 -> 4067475.9
A34: 0.35 | B34: =1000*$A34*$B$9*B$28*(1-$B$11)-1000*$A34*$B$10-1000*$B$13 -> 37635.417 | C34: =1000*$A34*$B$9*C$28*(1-$B$11)-1000*$A34*$B$10-1000*$B$13 -> 647448.11 | D34: =1000*$A34*$B$9*D$28*(1-$B$11)-1000*$A34*$B$10-1000*$B$13 -> 1257260.8 | E34: =1000*$A34*$B$9*E$28*(1-$B$11)-1000*$A34*$B$10-1000*$B$13 -> 1867073.5 | F34: =1000*$A34*$B$9*F$28*(1-$B$11)-1000*$A34*$B$10-1000*$B$13 -> 2476886.2 | G34: =1000*$A34*$B$9*G$28*(1-$B$11)-1000*$A34*$B$10-1000*$B$13 -> 3696511.6 | H34: =1000*$A34*$B$9*H$28*(1-$B$11)-1000*$A34*$B$10-1000*$B$13 -> 4916136.9
A35: 0.4 | B35: =1000*$A35*$B$9*B$28*(1-$B$11)-1000*$A35*$B$10-1000*$B$13 -> 189367.61 | C35: =1000*$A35*$B$9*C$28*(1-$B$11)-1000*$A35*$B$10-1000*$B$13 -> 886296.4 | D35: =1000*$A35*$B$9*D$28*(1-$B$11)-1000*$A35*$B$10-1000*$B$13 -> 1583225.2 | E35: =1000*$A35*$B$9*E$28*(1-$B$11)-1000*$A35*$B$10-1000*$B$13 -> 2280154 | F35: =1000*$A35*$B$9*F$28*(1-$B$11)-1000*$A35*$B$10-1000*$B$13 -> 2977082.8 | G35: =1000*$A35*$B$9*G$28*(1-$B$11)-1000*$A35*$B$10-1000*$B$13 -> 4370940.3 | H35: =1000*$A35*$B$9*H$28*(1-$B$11)-1000*$A35*$B$10-1000*$B$13 -> 5764797.9
A36: 0.45 | B36: =1000*$A36*$B$9*B$28*(1-$B$11)-1000*$A36*$B$10-1000*$B$13 -> 341099.81 | C36: =1000*$A36*$B$9*C$28*(1-$B$11)-1000*$A36*$B$10-1000*$B$13 -> 1125144.7 | D36: =1000*$A36*$B$9*D$28*(1-$B$11)-1000*$A36*$B$10-1000*$B$13 -> 1909189.6 | E36: =1000*$A36*$B$9*E$28*(1-$B$11)-1000*$A36*$B$10-1000*$B$13 -> 2693234.5 | F36: =1000*$A36*$B$9*F$28*(1-$B$11)-1000*$A36*$B$10-1000*$B$13 -> 3477279.4 | G36: =1000*$A36*$B$9*G$28*(1-$B$11)-1000*$A36*$B$10-1000*$B$13 -> 5045369.1 | H36: =1000*$A36*$B$9*H$28*(1-$B$11)-1000*$A36*$B$10-1000*$B$13 -> 6613458.9
A37: 0.5 | B37: =1000*$A37*$B$9*B$28*(1-$B$11)-1000*$A37*$B$10-1000*$B$13 -> 492832.01 | C37: =1000*$A37*$B$9*C$28*(1-$B$11)-1000*$A37*$B$10-1000*$B$13 -> 1363993 | D37: =1000*$A37*$B$9*D$28*(1-$B$11)-1000*$A37*$B$10-1000*$B$13 -> 2235154 | E37: =1000*$A37*$B$9*E$28*(1-$B$11)-1000*$A37*$B$10-1000*$B$13 -> 3106315 | F37: =1000*$A37*$B$9*F$28*(1-$B$11)-1000*$A37*$B$10-1000*$B$13 -> 3977475.9 | G37: =1000*$A37*$B$9*G$28*(1-$B$11)-1000*$A37*$B$10-1000*$B$13 -> 5719797.9 | H37: =1000*$A37*$B$9*H$28*(1-$B$11)-1000*$A37*$B$10-1000*$B$13 -> 7462119.9

Sheet Part A
A1: Metric | B1: Value
A2: August conversion | B2: 0.2404
A3: Unique sellers | B3: 44701
A4: Duplicate inspection rows | B4: 219
A5: GPS/duration anomalies | B5: 352
A6: Vendor-partner anomaly percentage | B6: 1
A7: Lucknow connect rate | B7: 0.2479
A8: Show-up rate after 48 hours | B8: 0.7134
A9: Old-car contribution | B9: -10028551
A10: Invalid inspection IDs | B10: 2293
A11: Purchase rate after >10% revision | B11: 0.1604
A12: Purchase rate without revision | B12: 0.6954
A13: Unexplained conversion-drop points | B13: 1.41

Sheet Dashboard
A1: Cars24 Supply Dashboard
A3: KPI | B3: Value | C3: Status
A4: August lead-to-inspection conversion | B4: ='Part A'!B2 -> 0.2404 | C4: =IF(B4<30%,"ALERT","OK") -> ALERT
A5: Lucknow connect rate | B5: ='Part A'!B7 -> 0.2479 | C5: =IF(B5<35%,"ALERT","OK") -> ALERT
A6: Show-up rate after 48 hours | B6: ='Part A'!B8 -> 0.7134 | C6: =IF(B6<70%,"ALERT","OK") -> OK
A7: Purchase rate after >10% revision | B7: ='Part A'!B11 -> 0.1604 | C7: =IF(B7<20%,"ALERT","OK") -> ALERT
A8: Old-car contribution | B8: ='Part A'!B9 -> -10028551 | C8: =IF(B8<0,"ALERT","OK") -> ALERT
A9: GPS/duration anomalies | B9: ='Part A'!B5 -> 352 | C9: =IF(B9>300,"ALERT","OK") -> ALERT
A10: Invalid inspection IDs | B10: ='Part A'!B10 -> 2293 | C10: =IF(B10>0,"ALERT","OK") -> ALERT
A13: Alert | B13: Threshold | C13: Owner
A14: Conversion below target | B14: Below 30% | C14: City heads / Supply
A15: Lucknow connect rate | B15: Below 35% | C15: Call operations
A16: Long-wait show-up | B16: Below 70% | C16: Appointment operations
A17: Revised-offer purchase rate | B17: Below 20% | C17: Pricing / Product
A18: Negative old-car contribution | B18: Below ₹0 | C18: Finance / City head
A19: GPS anomalies | B19: Above 300 | C19: Inspector operations
A20: Invalid inspection IDs | B20: Above 0 | C20: Data engineering

Sheet Action Plan
A1: Rank | B1: Timing | C1: Action | D1: Owner | E1: Expected impact | F1: Cost | G1: Two-week success check
A2: 1 | B2: 7 days | C2: Reconcile Finance and operational inspection counts | D2: Data Engineering + Finance | E2: 100% agreement on inspection definition | F2: Low | G2: Monthly count difference explained
A3: 2 | B3: 7 days | C3: Investigate GPS and short-duration anomalies | D3: Inspector Operations | E3: Reduce anomalies by 50% | F3: Low | G3: Anomaly rate falls below 2%
A4: 3 | B4: 7 days | C4: Review Lucknow calling process | D4: Call Operations | E4: Improve connect rate by 5 percentage points | F4: Low | G4: Connect rate improves from 24.79%
A5: 4 | B5: 30 days | C5: Test revised-offer explanation and approval flow | D5: Pricing + Product | E5: Improve revised-offer purchase rate by 3 percentage points | F5: Medium | G5: A/B test shows higher purchase rate
A6: 5 | B6: 30 days | C6: Reduce appointment waiting time | D6: Appointment Operations | E6: Improve show-up rate by 3 percentage points | F6: Medium | G6: 48-hour wait cohort improves
A7: 6 | B7: 30 days | C7: Rebalance inspector capacity by city | D7: Supply Operations | E7: Improve lead-to-inspection conversion by 2 percentage points | F7: Medium | G7: Conversion improves in affected cities
A8: 7 | B8: 90 days | C8: Move marketing decisions to inspected-lead CAC | D8: Marketing + Finance | E8: Reduce cost per inspected lead by 10% | F8: Medium | G8: Weekly CAC dashboard is live
A9: 8 | B9: 90 days | C9: Build automated inspection-quality monitoring | D9: Data Engineering + Supply | E9: Prevent recurring data-quality issues | F9: High | G9: Alerts trigger before reporting
A12: Do not do | B12: Reason
A13: Immediately cap call attempts | B13: More attempts may be caused by difficult leads; correlation is not causation
A14: Treat every inspection row as a unique inspection | B14: Duplicate rows and re-inspections distort reporting
A15: Judge cities using raw lead volume only | B15: Contribution and inspection cost determine whether a city is worth serving
A16: Delete anomalous records without review | B16: Anomalies should be investigated and separately reported
A17: Claim offer revisions caused lost purchases | B17: The data supports correlation, not causation

Sheet AI Log
A1: Section | B1: Response
A2: Tools used | B2: Python with pandas, DuckDB SQL, Excel, and ChatGPT
A3: Prompt 1 | B3: Profile all files, identify inconsistent date formats, duplicate keys, missing joins, and timezone issues.
A4: Prompt 2 | B4: Write reproducible SQL for daily conversion, inspector anomalies, Finance reconciliation, and lead cohorts.
A5: AI error caught | B5: The first calculation treated positive revision_pct values as upward revisions. I checked the raw price_revisions.csv values and confirmed that positive values represented downward offer revisions.
A6: Second validation | B6: I also checked that duplicate inspection rows did not automatically mean duplicate sellers or duplicate inspected leads.
A7: How I corrected it | B7: I recalculated purchase rates using revision_pct greater than 10 and compared the result against the no-revision group.
A8: Main lesson | B8: AI helped generate code quickly, but I validated the outputs against raw rows, unique IDs, dates, and business definitions.
